c,id,la,lo,m,n,r
97,41,57.166775,-2.0790610000000003,Aberdeen,aberdeen,7
97,423,52.414546,-4.080401,Aberystwyth,aberystwyth,12
97,291,51.667957,-1.2774290000000001,Abingdon,abingdon,17
3,534,-20.267153,148.711122,Airlie Beach,airliebeach,4
97,10,54.564972,-1.2317879999999999,Albert,albert,9
3,52,-37.843521,144.96312,Albert Melbourne,albert-melbourne,6
85,972,-26.161115,27.968272999999996,Alberts Farm,albertsfarm,34
3,648,-36.083452,146.906532,Albury Wodonga,alburywodonga,5
97,1267,51.647953,-0.31650700000000004,Aldenham,aldenham,11
3,1721,-35.287768,138.444983,Aldinga Beach,aldingabeach,30
97,407,51.168607,-0.83814,Alice Holt,aliceholt,17
85,1247,-30.682118,26.727413000000002,Aliwal North,aliwalnorth,45
97,300,51.595936,-0.12233,Ally Pally,allypally,10
97,660,57.694306000000005,-4.2566690000000005,Alness,alness,7
3,1237,-37.875236,144.811911,Altona Beach,altonabeach,6
23,13,55.653057,12.575108,Amager Fælled,amager,24
23,292,55.662538,12.635341,Amager Strandpark,amagerstrandpark,24
85,969,-30.049276000000003,30.890566999999997,Amanzimtoti,amanzimtoti,38
98,399,38.868085,-76.995023,Anacostia,anacostia,26
65,1464,-39.522869,176.864169,Anderson,anderson,25
97,64,51.221092,-1.512766,Andover,andover,17
97,585,54.717078,-6.238818,Antrim,antrim,15
3,1666,-32.006932,115.83488500000001,Applecross,applecross,27
3,1649,-37.279711999999996,142.928756,Ararat,ararat,6
42,740,53.586088000000004,-6.1611519999999995,Ardgillan,ardgillan,29
97,658,54.339812,-6.652951,Armagh,armagh,15
3,588,-30.491998,151.639419,Armidale,armidale,5
97,164,52.307848,-1.9103330000000003,Arrow Valley,arrowvalley,14
97,103,51.14347,0.864218,Ashford,ashford,17
3,1317,-27.442334000000002,152.972975,Ashgrove,ashgrove,4
97,50,51.443591999999995,-2.639948,Ashton Court,ashton-court,16
3,987,-17.275414,145.471686,Atherton,atherton,4
42,1272,53.419270999999995,-7.904069,Athlone,athlone,29
3,487,-27.659052000000003,152.883124,Augustine Heights,augustineheights,4
74,1361,53.827144,22.999648999999998,Augustow,augustow,23
3,508,-31.789953999999998,115.988052,Aveley,aveley,27
97,158,57.205275,-3.818635,Aviemore,aviemore,7
97,450,51.83162,-0.8383940000000001,Aylesbury,aylesbury,17
97,341,55.436189,-4.624316,Ayr,ayr,7
3,1416,-37.823487,147.632774,Bairnsdale,bairnsdale,6
3,639,-37.556649,143.820637,Ballarat,ballarat,6
42,1054,54.120048,-9.146141,Ballina,ballina,29
3,1674,-28.869637,153.576356,Ballina Coast,ballinacoast,5
42,1489,51.891833,-8.605349,Ballincollig,ballincollig,29
85,1235,-29.492418,31.18044,Ballito,ballito,38
3,395,-38.166457,144.331179,Balyang Sanctuary,balyangsanctuary,6
97,38,52.068807,-1.3323180000000001,Banbury,banbury,17
97,780,54.660024,-5.661693,Bangor,bangor,15
3,1740,-38.063066,144.142907,Bannockburn Bush,bannockburnbush,6
97,3,51.307648,-0.184225,Banstead Woods,banstead,17
85,1724,-25.978656,28.396014,Bapsfontein,bapsfontein,35
97,1245,51.759056,-0.019441999999999997,Barclay,barclay,11
97,406,51.545894,0.087312,Barking,barking,10
97,240,53.544368999999996,-1.4861149999999999,Barnsley,barnsley,18
97,288,51.072561,-4.053612,Barnstaple,barnstaple,16
97,304,54.117706000000005,-3.218855,Barrow,barrow,8
65,573,-36.9597,174.91438200000002,Barry Curtis,barrycurtis,25
97,1200,51.390202,-3.271371,Barry Island,barryisland,12
97,46,51.578031,0.498392,Basildon,basildon,11
97,11,51.258831,-1.082035,Basingstoke,basingstoke,17
3,528,-35.712112,150.185995,Batemans Bay,batemansbay,5
97,121,51.364717,-2.338425,Bath Skyline,bathskyline,16
3,606,-33.414176,149.586917,Bathurst,bathurst,5
14,1670,43.259467,-79.76563,Beach Strip,beachstrip,63
97,99,51.417952,-0.0060420000000000005,Beckenham Place,beckenhamplace,10
97,378,51.511759999999995,0.046542,Beckton,beckton,10
97,15,51.440762,-0.45152299999999995,Bedfont Lakes,bedfont,10
97,108,52.148125,-0.459366,Bedford,bedford,11
97,1422,51.071871,0.450168,Bedgebury Pinetum,bedgeburypinetum,17
97,779,52.913592,-1.201737,Beeston,beeston,13
3,1318,-36.668409000000004,149.852269,Bega,bega,5
97,295,54.608785,-5.881573,Belfast Victoria,belfastvictoria,15
14,1686,46.500362,-84.298049,Bellevue,bellevue,63
85,1069,-33.890643,18.629274,Bellville,bellville,48
97,1339,52.94274300000001,-0.620021,Belton House,beltonhouse,13
3,778,-36.772141,144.312232,Bendigo,bendigo,6
42,966,51.632369,-9.81755,Bere Island,bereisland,29
3,917,-27.665606,153.077193,Berrinba,berrinba,4
3,617,-38.062069,145.322932,Berwick Springs,berwicksprings,6
97,112,53.02213199999999,-1.171188,Bestwood Village,bestwoodvillage,13
85,1696,-28.251308,28.336215000000003,Bethlehem,bethlehem,43
97,1378,50.844709,-0.107027,Bevendean Down,bevendeandown,17
97,29,51.455132,0.113254,Bexley,bexley,10
74,1450,53.121798,23.163992999999998,Bialystok,bialystok,23
3,937,-32.093955,115.82063600000001,Bibra Lake,bibralake,27
97,1452,51.891101,-1.146866,Bicester,bicester,17
97,1432,51.024075,-4.204316,Bideford,bideford,16
85,435,-33.792113,18.456388,Big Bay,bigbay,48
97,279,51.632965999999996,0.417446,Billericay,billericay,11
97,1275,53.39480699999999,-3.051658,Birkenhead,birkenhead,8
79,1258,55.636872,37.548337,Bitsa,bitsa,49
97,1770,54.199363,-3.3223339999999997,Black Combe,blackcombe,8
97,22,51.540329,-0.5476,Black Park,black-park,17
3,610,-32.932526,151.699755,Blackbutt,blackbutt,5
97,384,54.858315000000005,-1.842366,Blackhill,blackhill,9
97,1627,53.811727000000005,-3.023114,Blackpool,blackpool,8
97,947,50.863122,-2.16627,Blandford,blandford,16
65,1505,-41.511842,173.95879,Blenheim,blenheim,25
97,696,52.813653,1.221671,Blickling,blickling,11
3,669,-32.884131,151.620206,Blue Gum Hills,bluegumhills,5
97,874,50.786913,-0.668305,Bognor Regis,bognorregis,17
31,1393,48.852377000000004,2.251746,Bois de Boulogne,boisdeboulogne,56
85,1191,-26.235059000000003,28.275415000000002,Boksburg,boksburg,34
97,273,53.574715000000005,-2.3956150000000003,Bolton,bolton,8
97,148,52.990156000000006,-0.038556,Boston,boston,13
85,1051,-25.738298999999998,28.273752,Botanical Garden,botanicalgarden,35
97,172,50.73362,-1.832732,Bournemouth,bournemouth,16
3,1491,-19.985467,148.25705200000002,Bowen,bowen,4
3,905,-34.526266,150.395117,Bowral,bowral,5
23,169,56.165699,10.141282,Brabrand,brabrand,24
97,210,51.390248,-0.776844,Bracknell,bracknell,17
97,131,53.814575,-1.775102,Bradford,bradford,18
97,6,53.37426800000001,-2.160702,Bramhall Park,bramhall,8
97,1254,53.81343199999999,-1.633461,Bramley,bramley,18
97,464,52.436339000000004,0.625877,Brandon Country Park,brandoncountrypark,11
97,104,52.626129000000006,-1.1786809999999999,Braunstone,braunstone,13
85,1532,-33.642717,19.443841,Breede Valley,breedevalley,61
97,654,51.622582,0.266879,Brentwood,brentwood,11
85,1616,-33.960435,18.526226,Bridgetown,bridgetown,48
97,213,53.13115500000001,-1.2952139999999999,Brierley Forest,brierleyforest,13
97,152,53.706086,-1.778156,Brighouse,brighouse,18
97,8,50.84214,-0.172498,Brighton & Hove,brighton,17
3,1032,-26.708909000000002,153.113665,Brightwater,brightwater,4
3,1033,-37.727546999999994,144.834123,Brimbank,brimbank,6
3,878,-28.018496999999996,153.41229199999998,Broadbeach Waters,broadbeachwaters,4
97,443,50.821804,-1.568052,Brockenhurst,brockenhurst,17
97,76,51.452538,-0.10546400000000002,Brockwell,brockwell,10
3,1758,-31.935954,141.471924,Broken Hill,brokenhill,5
97,27,51.386539,0.022874000000000002,Bromley,bromley,10
85,1654,-25.853883,28.171663,Bronberrik,bronberrik,35
97,176,52.406754,-1.764593,Brueton,brueton,14
97,1252,52.62413299999999,1.417369,Brundall,brundall,11
85,711,-26.060239000000003,28.04727,Bryanston,bryanston,34
97,379,51.781621,-3.269548,Bryn Bach,brynbach,12
97,851,51.998987,-0.9844620000000001,Buckingham,buckingham,17
3,503,-33.342966,115.633228,Bunbury,bunbury,27
42,1729,55.132338,-7.462667,Buncrana,buncrana,29
3,1637,-24.86835,152.330781,Bundaberg,bundaberg,4
3,571,-27.376924,152.94854899999999,Bunyaville,bunyaville,4
97,392,51.484536,-0.081024,Burgess,burgess,10
3,1490,-35.292148,149.08858500000002,Burley Griffin,burleygriffin,19
97,415,53.407152,-2.2091849999999997,Burnage,burnage,8
97,1240,51.226679,-2.990243,Burnham and Highbridge,burnhamandhighbridge,16
97,192,51.627409,0.810923,Burnham-on-Crouch,burnhamoncrouch,11
97,382,53.77834,-2.221555,Burnley,burnley,8
97,245,52.224887,0.730183,Bury St Edmunds,burystedmunds,11
42,1630,53.298951,-6.296455,Bushy Dublin,bushydublin,29
97,1,51.410992,-0.335791,Bushy Park,bushy,10
79,1299,55.538603,37.518704,Butovo,butovo,49
74,1104,53.13085400000001,17.954564,Bydgoszcz,bydgoszcz,23
42,1193,53.26136999999999,-6.158811,Cabinteely,cabinteely,29
3,544,-16.904574,145.763211,Cairns,cairns,4
3,685,-27.620775,153.039287,Calamvale,calamvale,4
3,1244,-32.894393,151.702098,Callaghan,callaghan,5
3,1644,-32.126604,115.876176,Calleya,calleya,27
97,128,52.236675,0.161906,Cambridge,cambridge,11
65,1589,-37.890281,175.435891,Cambridge NZ,cambridgenz,25
3,751,-34.018301,150.814819,Campbelltown,campbelltown,5
97,160,56.483681000000004,-3.030896,Camperdown,camperdown,7
85,921,-28.682918,28.976784000000002,Cannibals Cave,cannibalscave,39
3,489,-32.020912,115.92266000000001,Canning River,canningriver,27
97,78,52.73744,-1.99542,Cannock Chase,cannockchase,14
97,189,52.452637,-1.8999700000000002,Cannon Hill,cannon-hill,14
97,581,51.612291,-0.296184,Canons Park,canonspark,10
97,132,51.299468,1.057002,Canterbury,canterbury,17
3,849,-27.521404999999998,153.186858,Capalaba,capalaba,4
97,9,51.49736,-3.207107,Cardiff,cardiff,12
3,823,-31.85155,115.78294299999999,Carine Glades,carineglades,27
3,1738,-34.754627,138.677757,Carisbrooke,carisbrooke,30
97,155,54.886025,-2.9634549999999997,Carlisle,carlisle,8
42,1742,52.838536,-6.934139999999999,Carlow Town,carlowtown,29
97,742,54.719992000000005,-5.805285,Carrickfergus,carrickfergus,15
97,1152,51.657677,-0.406335,Cassiobury,cassiobury,11
42,556,51.904697999999996,-8.962054,Castle Demense,castledemense,29
97,1765,51.87167,0.164165,Castle Park,castlepark,11
42,781,53.850327,-9.309314,Castlebar,castlebar,29
42,1251,54.1219,-6.728947,Castleblayney,castleblayney,29
42,1390,51.551575,-9.170294,Castlehaven,castlehaven,29
3,1246,-37.050794,144.217649,Castlemaine,castlemaine,6
42,1662,53.767763,-8.480996000000001,Castlerea,castlerea,29
42,1338,53.348946,-6.528707,Castletown,castletown,29
97,646,54.262147,-5.95386,Castlewellan,castlewellan,15
97,202,54.385534,-1.6465029999999998,Catterick,catterick,18
97,655,52.656696,1.295507,Catton,catton,11
3,836,-27.07755,152.97318700000002,Central Lakes,centrallakes,4
85,1067,-33.888687,18.512412,Century City,centurycity,48
97,1457,53.554066000000006,-2.1585520000000002,Chadderton Hall,chaddertonhall,8
3,1340,-32.106314000000005,115.99953500000001,Champion Lakes,championlakes,27
31,1394,46.882182,5.267379,Château de Pierre de Bresse,chateaudepierredebresse,56
97,879,53.379026,-2.210652,Cheadle Hulme,cheadlehulme,8
97,441,51.732577,0.464945,Chelmsford Central,chelmsfordcentral,11
3,1518,-38.049246999999994,145.12656,Chelsea Bicentennial,chelseabicentennial,6
97,449,51.911753999999995,-2.07824,Cheltenham,cheltenham,16
79,1257,55.155104,61.360206999999996,Chelyabinsk,chelyabinsk,58
3,942,-27.37896,153.03350700000001,Chermside,chermside,4
97,242,53.207795999999995,-2.902368,Chester,chester,8
97,955,50.846182,-0.7775350000000001,Chichester,chichester,17
97,348,51.460469,-2.1131189999999997,Chippenham,chippenham,16
97,522,51.544366,-2.397165,Chipping Sodbury,chippingsodbury,16
3,1514,-35.135628000000004,138.46916000000002,Christies Beach,christiesbeach,30
74,1105,50.129465,19.358722,Chrzanow,chrzanow,23
3,1400,-38.312871,146.422465,Churchill,churchill,6
74,838,49.741202,18.629197,Cieszyn,cieszyn,23
97,386,54.45109300000001,-6.3860019999999995,Citypark,citypark,15
97,567,51.781574,1.142974,Clacton Seafront,clactonseafront,11
97,519,51.004321999999995,-0.100143,Clair,clair,17
3,397,-31.950868,115.88188400000001,Claisebrook Cove,claisebrookcove,27
97,636,52.076428,0.581882,Clare Castle,clarecastle,11
3,1177,-33.863652,138.624001,Clare Valley,clarevalley,30
42,1643,53.712598,-8.997864,Claremorris,claremorris,29
42,1027,52.796642000000006,-8.441796,Clarisford,clarisford,29
97,821,53.541552,-0.025384,Cleethorpes,cleethorpes,18
3,1706,-34.964185,138.698602,Cleland,cleland,30
98,438,28.557404,-81.77044599999999,Clermont Waterfront,clermontwaterfront,26
3,550,-27.539355,153.274298,Cleveland,cleveland,4
42,374,51.617636,-8.89884,Clonakilty,clonakilty,29
3,1760,-20.70873,140.519814,Cloncurry,cloncurry,4
42,1672,52.36533,-7.684522,Clonmel,clonmel,29
14,1708,48.40457,-123.350007,Clover Point,cloverpoint,63
97,572,53.268021999999995,-1.065717,Clumber Park,clumberpark,13
3,1468,-35.913461,145.668554,Cobram,cobram,6
3,1062,-37.733810999999996,144.968861,Coburg,coburg,6
3,745,-30.295687,153.1376,Coffs Harbour,coffsharbour,5
3,1596,-35.809232,144.223054,Cohuna,cohuna,6
97,907,51.74064,-4.669924,Colby,colby,12
97,188,51.89167,0.902724,Colchester Castle,colchestercastle,11
97,1331,54.570723,-6.020504,Colin Glen,colinglen,15
98,404,38.999103000000005,-76.932737,College Park,collegepark,26
97,58,52.945170999999995,-1.09786,Colwick,colwick,13
97,886,54.54959300000001,-5.7404150000000005,Comber,comber,15
97,290,53.424006999999996,-1.4416120000000001,Concord,concord,18
97,229,53.16078100000001,-2.229795,Congleton,congleton,8
97,286,52.739475,-1.543021,Conkers,conkers,13
85,1319,-34.008575,18.440688,Constantia Greenbelt,constantiagreenbelt,48
97,1059,53.279388,-3.8089660000000003,Conwy,conwy,12
3,736,-33.913708,151.116857,Cooks River,cooksriver,5
3,365,-27.885246999999996,153.281709,Coomera,coomera,4
42,1050,54.08147099999999,-7.086978,Cootehill,cootehill,29
97,633,52.49387900000001,-0.691774,Corby,corby,13
42,1714,53.315227,-6.4102760000000005,Corkagh,corkagh,29
65,420,-36.895495000000004,174.789414,Cornwall Park,cornwall,25
3,807,-31.997296999999996,115.751967,Cottesloe,cottesloe,27
97,69,52.39172,-1.524026,Coventry,coventry,14
3,978,-33.812714,148.703733,Cowra,cowra,5
97,390,51.441168,-0.372075,Crane Park,crane,10
97,932,51.13819,-0.49151000000000006,Cranleigh,cranleigh,17
98,1100,37.806567,-122.448792,Crissy Field,crissyfield,26
3,968,-34.040937,151.16183600000002,Cronulla,cronulla,5
97,1354,53.482690000000005,-3.046711,Crosby,crosby,8
97,483,53.775754000000006,-1.5575700000000001,Cross Flatts,crossflatts,18
97,1182,53.44217,-2.8917740000000003,Croxteth Hall,croxtethhall,8
97,154,51.419846,-0.065703,Crystal Palace,crystalpalace,10
97,612,53.708614000000004,-2.659442,Cuerden Valley,cuerdenvalley,8
3,419,-33.766483,151.28233899999998,Curl Curl,curlcurl,5
97,1492,51.656234000000005,-3.013498,Cwmbran,cwmbran,12
74,1720,52.385438,16.736391,Dabrowka,dabrowka,23
3,637,-27.188036,151.262339,Dalby,dalby,4
97,1408,54.273821,-0.686599,Dalby Forest,dalbyforest,18
3,1636,-37.721239000000004,145.034293,Darebin,darebin,6
97,398,54.51484,-1.560531,Darlington South Park,darlingtonsouthpark,9
42,1743,53.402784999999994,-6.18863,Darndale,darndale,29
97,961,51.439141,0.22016599999999997,Dartford,dartford,17
3,471,-12.466925,130.840725,Darwin,darwin,31
97,1053,52.262374,-1.1573200000000001,Daventry,daventry,13
3,949,-32.625918,115.640914,Dawesville,dawesville,27
98,439,37.624069,-77.58680600000001,Deep Run,deeprun,26
97,448,53.239537,-2.68796,Delamere,delamere,8
85,336,-26.125349,28.009354,Delta,delta,34
97,237,55.006966000000006,-7.318933,Derry City,derrycity,15
3,546,-41.162847,146.356321,Devonport,devonport,28
97,387,53.688218000000006,-1.646275,Dewsbury,dewsbury,18
3,593,-37.673576000000004,145.153249,Diamond Creek,diamondcreek,6
97,518,51.612792,-1.239,Didcot,didcot,17
97,1388,52.744574,-3.8865269999999996,Dolgellau,dolgellau,12
79,1626,55.937526,37.486263,Dolgoprudny,dolgoprudny,49
3,1687,-33.995775,151.144928,Dolls Point,dollspoint,5
42,1321,53.486227,-6.167897,Donabate,donabate,29
97,631,53.54532,-1.0890950000000001,Doncaster,doncaster,18
97,1469,55.916880000000006,-4.350674,Drumchapel,drumchapel,7
97,852,55.292765,-1.5723479999999999,Druridge Bay,druridgebay,9
3,1082,-32.256257,148.591034,Dubbo,dubbo,5
97,111,52.490027000000005,-2.1345680000000002,Dudley,dudley,14
85,1701,-25.405517,30.10707,Dullstroom,dullstroom,42
97,344,51.443869,-0.079206,Dulwich,dulwich,10
42,1250,53.984567000000006,-6.386803,Dundalk,dundalk,29
65,649,-45.857088,170.519225,Dunedin,dunedin,25
97,1256,56.070684,-3.4706940000000004,Dunfermline,dunfermline,7
42,1415,54.952768999999996,-8.348957,Dungloe,dungloe,29
85,1248,-33.801551,18.621833,Durbanville,durbanville,61
97,232,54.767605,-1.5588520000000001,Durham,durham,9
98,523,35.955931,-78.92638199999999,Durham NC,durhamnc,26
85,437,-29.611438,30.380781,Dusi,dusi,39
74,1690,53.249253,20.238476000000002,Dzialdowo,dzialdowo,23
98,673,44.797663,-93.17537800000001,Eagan,eagan,26
82,915,1.2949540000000002,103.893129,East Coast Park,eastcoastpark,33
97,527,51.129008,0.001373,East Grinstead,eastgrinstead,17
3,1763,-33.604814000000005,150.774321,East Richmond,eastrichmond,5
97,39,50.806248,0.290451,Eastbourne,eastbourne,17
97,143,50.971433000000005,-1.374032,Eastleigh,eastleigh,17
97,308,51.475453,-2.554304,Eastville,eastville,16
85,362,-26.146747,28.352306,Ebotse,ebotse,34
3,1663,-36.139103999999996,144.73921299999998,Echuca Moama,echucamoama,6
97,312,54.867371,-6.259117,Ecos,ecos,15
97,274,50.358315000000005,-4.74285,Eden Project,edenproject,16
97,26,55.978806000000006,-3.291585,Edinburgh,edinburgh,7
97,177,55.643935,-4.669662000000001,Eglinton,eglinton,7
79,959,59.977318999999994,30.260284999999996,Elagin Ostrov,elaginostrov,51
97,1414,57.65339300000001,-3.313072,Elgin,elgin,7
74,1534,53.815245,22.354226,Elk,elk,23
97,1424,51.761787,-0.254277,Ellenbrook Fields,ellenbrookfields,11
97,1026,53.272524,-2.902542,Ellesmere Port,ellesmereport,8
97,1307,57.359262,-2.056968,Ellon,ellon,7
3,614,-23.531435000000002,148.164253,Emerald,emerald,4
97,482,54.343833999999994,-7.642293,Enniskillen,enniskillen,15
97,1459,53.027136999999996,-3.0068330000000003,Erddig,erddig,12
85,1700,-26.078938,28.073178000000002,Ernest Ullmann,ernestullmann,34
42,1412,54.203272,-10.082041,Erris,erris,29
23,173,55.482349,8.442703,Esbjerg,esbjerg,24
97,1173,52.090191,-1.9581220000000001,Evesham,evesham,14
97,948,50.713762,-3.525833,Exeter Riverside,exeterriverside,16
23,162,55.701775,12.568916999999999,Faelledparken,faelledparken,24
42,1712,53.363864,-6.228896,Fairview,fairview,29
42,1384,55.140535,-8.099661,Falcarragh,falcarragh,29
97,206,55.995430000000006,-3.766712,Falkirk,falkirk,7
97,353,54.586363,-5.978879,Falls,falls,15
97,1441,50.848448,-1.1673850000000001,Fareham,fareham,17
42,1316,53.40515799999999,-6.16021,Father Collins,fathercollins,29
44,1539,38.159773,13.339815,Favorita,favorita,55
97,1017,54.274736,-2.952259,Fell Foot,fellfoot,8
3,488,-32.742886999999996,152.17064399999998,Fingal Bay,fingalbay,5
97,24,51.569595,-0.104145,Finsbury Park,finsbury,10
44,1744,43.785132,11.209331,Firenze,firenze,55
85,678,-34.120577000000004,18.398581,Fish Hoek,fishhoek,48
97,635,54.543872,-1.151741,Flatts Lane,flattslane,9
98,1383,38.919711,-77.10189,Fletcher’s Cove,fletcherscove,26
97,965,51.075728999999995,1.1727530000000002,Folkestone,folkestone,17
31,1545,48.403585,2.705253,Fontainebleau,fontainebleau,56
97,68,51.808701,-2.605219,Forest of Dean,forest-of-dean,16
97,481,52.965352,-1.159766,Forest Rec,forestrec,13
3,1582,-32.180174,152.519554,Forster,forster,5
97,748,54.110195999999995,-1.581983,Fountains Abbey,fountainsabbey,18
85,1410,-33.898945,19.091445,Franschhoek,franschhoek,61
14,1678,45.558862,-73.620363,Frédéric Back,fredericback,63
97,49,51.298621999999995,-0.724851,Frimley Lodge,frimleylodge,17
97,376,52.543268000000005,1.6521549999999998,Fritton Lake,frittonlake,11
3,902,-37.991559,145.273622,Frog Hollow,froghollow,6
97,674,51.472465,-0.218493,Fulham Palace,fulhampalace,10
97,363,51.758909,-0.473542,Gadebridge,gadebridge,11
97,196,53.406271999999994,-0.770777,Gainsborough,gainsborough,13
3,1531,-33.642734000000004,151.043648,Galston,galston,5
97,491,56.437766,-5.469021,Ganavan Sands,ganavansands,7
97,248,54.94473299999999,-1.6020940000000001,Gateshead,gateshead,9
3,542,-27.570426,152.270476,Gatton,gatton,4
3,1106,-34.590841,138.750027,Gawler,gawler,30
74,345,54.414280000000005,18.6017,Gdansk,gdansk,23
74,1510,54.316715,18.576999,Gdansk Poludnie,gdanskpoludnie,23
74,337,54.502632,18.558699,Gdynia,gdynia,23
97,1264,52.99391899999999,-1.087124,Gedling,gedling,13
3,933,-33.642342,115.35437399999999,Geographe Bay,geographebay,27
85,709,-33.945384999999995,22.464767000000002,George,george,47
3,1660,-41.109186,146.821208,George Town,georgetown,28
32,1793,52.3905,9.702945,Georgengarten,georgengarten,70
97,638,54.92040600000001,-1.731248,Gibside,gibside,9
85,1463,-26.165394,28.131553999999998,Gilloolys,gilloolys,34
3,364,-35.234051,149.073486,Ginninderra,ginninderra,19
97,389,51.556982,-0.228223,Gladstone,gladstone,10
3,553,-23.871873,151.238458,Gladstone QLD,gladstoneqld,4
42,1373,51.755548,-9.566904,Glengarriff,glengarriff,29
74,1735,51.656428000000005,16.089986,Glogow,glogow,23
97,1311,53.447019,-1.939503,Glossop,glossop,13
97,224,51.878304,-2.231707,Gloucester North,gloucesternorth,16
97,1349,51.661114000000005,-3.788616,Gnoll,gnoll,12
3,706,-26.829014,153.120795,Golden Beach,goldenbeach,4
85,1286,-26.069116,27.95355,Golden Harvest,goldenharvest,34
97,413,53.710492,-0.891098,Goole,goole,18
3,1151,-28.549509999999998,150.307043,Goondiwindi,goondiwindi,4
42,1550,52.679864,-6.298466,Gorey,gorey,29
79,861,55.709559,37.561671000000004,Gorky Park,gorkypark,49
97,14,52.567806000000004,1.73069,Gorleston,gorleston,11
74,1737,52.743889,15.244891,Gorzow Wielkopolski,gorzowwielkopolski,23
74,1304,51.884368,16.992853,Gostyn,gostyn,23
3,1343,-29.643846999999997,152.920487,Grafton,grafton,5
85,995,-33.314705,26.520674,Grahamstown,grahamstown,45
97,1315,51.454464,-3.192412,Grangemoor,grangemoor,12
97,372,53.33890600000001,-1.4646569999999999,Graves,graves,18
97,762,52.02463,0.751362,Great Cornard,greatcornard,11
97,680,51.388527,0.541334,Great Lines,greatlines,17
97,911,51.864146999999996,0.51584,Great Notley,greatnotley,11
3,1713,-27.739202000000002,152.922846,Greenbank,greenbank,4
97,185,55.956525,-4.767348,Greenock,greenock,7
85,582,-33.905997,18.407056,Greenpoint,greenpoint,48
97,53,51.449459000000004,0.075155,Greenwich,greenwich,10
85,1320,-27.733307,29.892468,Grey Goose,greygoose,39
42,578,53.343685,-6.445112,Griffeen,griffeen,29
74,1689,52.101019,20.63864,Grodzisk Mazowiecki,grodziskmazowiecki,23
97,44,51.633076,-0.11376900000000001,Grovelands,grovelands,10
97,1439,49.502340999999994,-2.530312,Guernsey,guernsey,59
97,71,51.247383,-0.562062,Guildford,guildford,17
3,529,-35.178952,149.129405,Gungahlin,gungahlin,19
97,191,51.499404999999996,-0.29225300000000004,Gunnersbury,gunnersbury,10
97,294,51.676037,-0.000831,Gunpowder,gunpowder,11
97,51,51.558174,-0.037787,Hackney Marshes,hackney-marshes,10
97,453,54.628071,-1.644945,Hackworth,hackworth,9
97,35,51.549769,0.59606,Hadleigh,hadleigh,11
88,1527,59.354555000000005,18.039292,Haga,haga,64
65,938,-43.528594,172.62282,Hagley,hagley,25
97,1347,53.572714000000005,-2.6095189999999997,Haigh Woodland,haighwoodland,8
97,127,53.731745999999994,-1.8738709999999998,Halifax,halifax,18
85,693,-25.456948999999998,30.937114,Halls,halls,41
3,835,-37.737592,142.040024,Hamilton,hamilton,6
3,1222,-20.345551,148.95513,Hamilton Island,hamiltonisland,4
65,650,-37.799693,175.272381,Hamilton Lake,hamiltonlake,25
97,72,51.558597999999996,-0.168185,Hampstead Heath,hampsteadheath,10
97,327,53.012501,-2.175164,Hanley,hanley,14
97,1030,51.739369,-1.295191,Harcourt Hill,harcourthill,17
97,1031,51.77766,0.10362400000000001,Harlow,harlow,11
85,1113,-28.279106,29.151059000000004,Harrismith,harrismith,43
97,215,53.992428000000004,-1.521435,Harrogate,harrogate,18
97,31,51.581781,-0.34273400000000004,Harrow,harrow,10
97,442,51.555606,0.200715,Harrow Lodge,harrowlodge,10
85,1405,-25.736241,27.879984000000004,Hartbeespoort,hartbeespoort,44
85,1184,-34.107791,22.085544,Hartenbos,hartenbos,47
97,457,54.686937,-1.195128,Hartlepool,hartlepool,9
42,1058,53.395076,-6.415828,Hartstown,hartstown,29
97,1290,51.938035,1.284809,Harwich,harwich,11
97,1197,50.850291,0.5397390000000001,Hastings,hastings,17
3,565,-38.307311,145.196651,Hastings Foreshore,hastingsforeshore,6
97,97,50.875771,-0.975565,Havant,havant,17
97,640,51.797163,-4.9928360000000005,Haverfordwest,haverfordwest,12
97,656,57.141371,-2.175647,Hazlehead,hazlehead,7
85,1709,-25.035941,31.115198,Hazyview,hazyview,41
97,88,51.784040999999995,-0.308884,Heartwood Forest,heartwoodforest,11
97,18,53.531975,-2.256263,Heaton Park,heaton,8
85,1658,-29.147254999999998,26.261941999999998,Heidedal,heidedal,43
97,234,51.531978,-0.9192879999999999,Henley-on-Thames,henleyonthames,17
97,1001,52.068892,-2.724152,Hereford,hereford,14
98,1688,41.341177,-88.785212,Heritage Harbor,heritageharbor,26
85,1335,-34.397417,19.215073999999998,Hermanus,hermanus,61
85,1283,-26.756736,27.844026,Heron Banks,heronbanks,43
3,668,-25.283163000000002,152.90367,Hervey Bay,herveybay,4
97,126,51.546959,-0.10288399999999999,Highbury Fields,highburyfields,10
3,1358,-27.453643,151.938702,Highfields,highfields,4
3,545,-37.59106,144.90371299999998,Highlands,highlands,6
97,484,53.40845699999999,-1.501973,Hillsborough,hillsborough,18
85,1697,-25.679660000000002,28.154745000000002,Hillside,hillside,35
97,391,51.460143,-0.025019,Hilly Fields,hillyfields,10
3,446,-42.804471,147.33235200000001,Hobart,hobart,28
97,309,51.400981,0.098847,Hoblingwell,hoblingwell,10
97,1110,51.596133,0.64912,Hockley Woods,hockleywoods,11
85,1698,-24.314398,30.924096999999996,Hoedspruit,hoedspruit,41
85,1435,-32.601434000000005,26.917928999999997,Hogsback,hogsback,45
97,1345,52.950159,0.801022,Holkham,holkham,11
97,422,51.366808,-0.539078,Homewood,homewood,17
97,299,51.064783,-0.32553200000000004,Horsham,horsham,17
97,1243,53.782455000000006,-1.77538,Horton Park,hortonpark,18
85,1768,-34.033716999999996,18.351737,Hout Bay,houtbay,48
97,1268,50.823391,-0.166594,Hove Promenade,hovepromenade,17
97,258,53.650608,-1.8006849999999999,Huddersfield,huddersfield,18
88,1691,59.248612,17.950678,Huddinge,huddinge,64
97,34,53.764644999999994,-0.300708,Hull,hull,18
97,866,53.71723000000001,-0.45335200000000003,Humber Bridge,humberbridge,18
97,462,52.330061,-0.21155100000000002,Huntingdon,huntingdon,11
97,114,53.45713000000001,-2.0765540000000002,Hyde,hyde,8
97,89,53.781711,-2.376734,Hyndburn,hyndburn,8
3,579,-29.77388,151.10897,Inverell,inverell,5
3,919,-38.639515,145.719625,Inverloch,inverloch,6
97,267,57.463654000000005,-4.235474,Inverness,inverness,7
97,74,52.052293,1.11585,Ipswich,ipswich,11
3,515,-27.625421000000003,152.76429199999998,Ipswich QLD,ipswichqld,4
79,910,55.787772,37.794319,Izmailovo,izmailovo,49
74,1515,52.374520000000004,20.914566,Jablonna,jablonna,23
85,1780,-29.132198,24.778901,Jacobsdal,jacobsdal,43
85,1693,-34.035359,24.893197,Jeffreys Bay,jeffreysbay,45
74,1214,50.857558000000004,15.678754000000001,Jelenia Gora,jeleniagora,23
3,1153,-37.897912,145.193976,Jells,jells,6
97,1312,49.195026,-2.204124,Jersey,jersey,59
42,1179,52.292840000000005,-6.503266,Johnstown,johnstown,29
3,541,-30.718868,121.456625,Kalgoorlie-Boulder,kalgoorlieboulder,27
74,890,51.75628,18.100242,Kalisz,kalisz,23
3,1547,-33.979929999999996,151.22999199999998,Kamay,kamay,5
14,1733,45.331895,-75.919788,Kanata,kanata,63
3,1751,-35.655848,137.640473,Kangaroo Island,kangarooisland,30
65,1081,-40.877245,175.019587,Kapiti Coast,kapiticoast,25
3,1541,-37.940079,145.086858,Karkarook,karkarook,6
85,1699,-27.728925,23.057004,Kathu,kathu,37
74,1449,50.244676,19.00202,Katowice,katowice,23
3,428,-26.702046000000003,153.13548799999998,Kawana,kawana,4
85,1702,-33.926703,18.849041,Kayamandi,kayamandi,61
79,1137,55.795315,49.152609999999996,Kazan Central,kazancentral,54
3,1427,-27.406927000000003,153.046297,Kedron,kedron,4
74,1084,50.353046,18.203560999999997,Kedzierzyn-Kozle,kedzierzyn-kozle,23
97,975,52.058138,1.257741,Kesgrave,kesgrave,11
97,828,54.603863,-3.129497,Keswick,keswick,8
97,244,52.384226,-0.710653,Kettering,kettering,13
79,1634,55.894059,37.458377,Khimki,khimki,49
85,568,-33.139412,27.680483000000002,Kidds Beach,kiddsbeach,45
42,996,52.648977,-7.245307,Kilkenny,kilkenny,29
42,1228,52.020409,-9.500413,Killarney,killarney,29
97,239,50.792835,-3.455007,Killerton,killerton,16
85,1183,-28.759379,24.826695,Kimberley,kimberley,37
85,1380,-32.891459999999995,27.4088,King Williams Town,kingwilliamstown,45
97,485,52.561983,-1.698718,Kingsbury Water,kingsburywater,14
3,427,-28.294414,153.574973,Kingscliff,kingscliff,5
97,75,51.426567,-0.30951599999999996,Kingston,kingston,10
97,48,51.821487,-2.2728040000000003,Kingsway,kingsway,16
97,313,52.752762,0.40744600000000003,King’s Lynn,kingslynn,11
97,754,56.104087,-3.169549,Kirkcaldy,kirkcaldy,7
3,349,-28.166758,153.522781,Kirra,kirra,4
85,970,-26.815206,26.64975,Klerksdorp,klerksdorp,44
42,871,53.265060999999996,-9.134822999999999,Knocknacarra,knocknacarra,29
97,118,53.411116,-2.811654,Knowsley,knowsley,8
85,710,-34.045911,23.06934,Knysna,knysna,47
74,1156,54.184504000000004,15.575563,Kolobrzeg,kolobrzeg,23
79,723,55.66966800000001,37.675381,Kolomenskoe,kolomenskoe,49
79,1430,59.7379,30.595846999999996,Kolpino,kolpino,51
85,1723,-31.899593,26.889812,Komani,komani,45
74,840,52.072417,21.128339999999998,Konstancin-Jeziorna,konstancin-jeziorna,23
3,1772,-38.547585,145.947772,Koonwarra,koonwarra,6
79,1667,55.909138,37.838838,Korolev,korolev,49
74,1730,52.093343,16.638064,Koscian,koscian,23
74,1773,54.179399,16.210552,Koszalin,koszalin,23
85,1284,-26.471809999999998,27.479696,Kraalkop,kraalkop,36
74,474,50.059123,19.922504,Krakow,krakow,23
85,1653,-27.621467,27.228431,Kroonstad,kroonstad,43
79,1292,55.77275699999999,37.408767,Krylatskoe,krylatskoe,49
32,1794,51.315327,12.337807000000002,Küchenholz,kuechenholz,70
88,1749,59.492698,17.749575,Kungsängen,kungsangen,64
74,1677,52.223814000000004,19.349423,Kutno,kutno,23
79,1372,55.695890000000006,37.76998,Kuzminki,kuzminki,49
85,1622,-29.744469,30.971090999999998,KwaMashu,kwamashu,38
31,1453,43.564161999999996,1.348135,la Ramée,laramee,56
31,1669,46.352593,6.146281,Lac de Divonne,lacdedivonne,56
85,1603,-33.89855,25.25195,Lady Slipper,ladyslipper,45
85,1504,-29.205215999999997,27.457503999999997,Ladybrand,ladybrand,43
85,1549,-28.546259000000003,29.769941999999997,Ladysmith,ladysmith,39
3,509,-31.744138,115.77714399999999,Lake Joondalup,lakejoondalup,27
3,475,-32.972596,151.61248700000002,Lake Mac,lakemac,5
3,729,-33.030093,151.642302,Lakeview,lakeview,5
3,1440,-37.668084,144.985422,Lalor,lalor,6
97,1385,54.045680000000004,-2.781183,Lancaster,lancaster,8
85,1070,-33.075951,18.057497,Langebaan,langebaan,46
85,1652,-29.098128000000003,26.14159,Langenhoven,langenhoven,43
97,755,50.441131,-4.69614,Lanhydrock,lanhydrock,16
85,1692,-25.914367000000002,27.905528999999998,Lanseria,lanseria,36
97,659,54.88843000000001,-5.843595,Larne,larne,15
85,982,-25.791852,28.095651,Laudium,laudium,35
3,452,-41.425512,147.14088,Launceston,launceston,28
3,822,-33.713629,150.42690100000002,Lawson,lawson,5
98,270,39.30401,-76.69532199999999,Leakin Park,leakinpark,26
97,77,52.28714,-1.5046549999999999,Leamington,leamington,14
85,1112,-25.600998999999998,27.125940999999997,Lebone,lebone,44
97,1271,50.801087,-1.20383,Lee-on-the-Solent,leeonthesolent,17
42,1180,52.863938,-9.003332,Lees Road,leesroad,29
97,1351,52.620954000000005,-1.121659,Leicester Victoria,leicestervictoria,13
31,418,45.065926,-0.42901000000000006,Les Dougnes,lesdougnes,56
74,622,51.851061,16.619139,Leszno,leszno,23
42,898,54.959033999999996,-7.729891,Letterkenny,letterkenny,29
3,699,-37.766218,145.357071,Lillydale Lake,lillydalelake,6
97,1143,55.047128,-6.944777,Limavady,limavady,15
42,1365,52.675635,-8.582395,Limerick,limerick,29
97,149,53.208847999999996,-0.560904,Lincoln,lincoln,13
97,293,52.058640000000004,-0.7601680000000001,Linford Wood,linfordwood,17
97,444,55.854032999999994,-4.505078,Linwood,linwood,7
3,977,-28.812589000000003,153.270029,Lismore,lismore,5
42,1664,52.443179,-9.479681,Listowel,listowel,29
3,1618,-33.494172999999996,150.15120100000001,Lithgow,lithgow,5
97,360,55.886796999999994,-3.518828,Livingston,livingston,7
98,380,42.429645,-83.395811,Livonia,livonia,26
97,110,51.68508,-4.2062040000000005,Llanelli Coast,llanellicoast,12
97,190,51.364807,-0.079973,Lloyd,lloyd,10
97,466,51.812913,-4.080563,Llyn Llech Owain,llynllechowain,12
3,1325,-34.880815000000005,138.649251,Lochiel,lochiel,30
74,400,51.753748,19.438225,Lódz,lodz,23
3,504,-27.698831,153.192024,Logan River,loganriver,4
85,842,-26.014460999999997,28.027883000000003,Lonehill,lonehill,34
97,261,52.895155,-1.2858530000000001,Long Eaton,longeaton,13
42,1460,53.732429,-7.789952,Longford,longford,29
97,681,51.018755,-3.114989,Longrun Meadow,longrunmeadow,16
3,1762,-27.468558,153.193225,Lota,lota,4
42,1451,53.984896,-8.235512,Lough Key,loughkey,29
65,354,-41.210738,174.899498,Lower Hutt,lowerhutt,25
97,1289,52.468286,1.747338,Lowestoft,lowestoft,11
74,1260,51.380777,16.200271,Lubin,lubin,23
97,1401,52.353284,-2.773078,Ludlow,ludlow,14
97,1201,51.353118,0.187147,Lullingstone,lullingstone,17
97,45,51.889853,-0.420917,Luton Wardown,lutonwardown,11
97,1369,51.721613,-2.52648,Lydney,lydney,16
97,783,53.337193000000006,-2.058402,Lyme Park,lymepark,8
97,217,50.747747,-1.54548,Lymington Woodside,lymingtonwoodside,17
97,1359,53.744855,-2.9776130000000003,Lytham Hall,lythamhall,8
3,657,-21.152238,149.155797,Mackay,mackay,4
97,259,51.609499,-3.665573,Maesteg,maesteg,12
97,1109,51.51095,-0.7121350000000001,Maidenhead,maidenhead,17
97,79,51.296409999999995,0.5076890000000001,Maidstone,maidstone,17
3,205,-27.972706,153.428879,Main Beach,mainbeach,4
3,663,-32.714434999999995,151.552845,Maitland,maitland,5
42,373,53.444487,-6.162729,Malahide,malahide,29
97,277,51.726742,0.68877,Maldon Prom,maldonprom,11
97,1330,51.31537,0.43734300000000004,Malling,malling,17
85,1695,-33.456784999999996,18.736718,Malmesbury,malmesbury,61
3,750,-34.227785,116.17961499999998,Manjimup,manjimup,27
97,174,53.174034,-1.1838440000000001,Mansfield,mansfield,13
98,219,40.767616,-82.538434,Mansfield OH,mansfieldoh,26
3,1681,-27.522987,153.101744,Mansfield QLD,mansfieldqld,4
97,1376,52.55006899999999,0.086208,March,march,11
44,1499,44.063736,12.561658,Marecchia,marecchia,55
3,1789,-33.944257,115.074331,Margaret River,margaretriver,27
97,520,51.392070000000004,1.403997,Margate,margate,17
3,810,-37.770632,144.897858,Maribyrnong,maribyrnong,6
97,182,52.935407999999995,-1.504769,Markeaton,markeaton,13
97,246,52.474486999999996,-0.9249790000000001,Market Harborough,marketharborough,13
42,480,53.27689,-6.271776999999999,Marlay,marlay,29
97,370,53.404476,-2.056509,Marple,marple,8
3,1766,-38.072157000000004,145.249088,Marriott Waters,marriottwaters,6
3,1140,-25.533689000000003,152.686507,Maryborough,maryborough,4
85,827,-25.11494,30.473021000000003,Mashishing,mashishing,42
3,1162,-34.81134,138.616733,Mawson Lakes,mawsonlakes,30
3,1420,-31.947166999999997,115.915089,Maylands Peninsula,maylandspeninsula,27
85,1656,-26.318875,31.144016999999998,Mbabane,mbabane,67
3,1503,-27.673493,153.155785,Meadowbrook,meadowbrook,4
97,265,50.711822999999995,-1.286999,Medina I.O.W.,medina,17
97,1071,52.780002,-0.8790680000000001,Melton Mowbray,meltonmowbray,13
3,1098,-34.016364,151.015082,Menai,menai,5
3,599,-36.895978,149.91093600000002,Merimbula,merimbula,5
3,1704,-37.593706,145.100493,Mernda,mernda,6
97,1602,51.79164,0.9936799999999999,Mersea Island,merseaisland,11
97,209,51.73896,-3.375658,Merthyr,merthyr,12
79,863,55.667123,37.404714,Meshchersky,meshchersky,49
85,1778,-26.577170000000002,28.022153000000003,Meyerton,meyerton,34
85,971,-25.732228,29.510178000000003,Middelburg,middelburg,42
85,1521,-25.919923999999998,28.205603999999997,Midstream,midstream,34
44,1526,45.53007,9.211192,Milano Nord,milanonord,55
97,343,51.518169,-0.033946,Mile End,mileend,10
3,1767,-26.656701,150.180284,Miles,miles,4
97,109,54.21399,-3.2699599999999998,Millom,millom,8
65,651,-36.602838,174.67940900000002,Millwater,millwater,25
97,113,52.05011,-0.722984,Milton Keynes,miltonkeynes,17
97,161,51.207524,-3.4695910000000003,Minehead,minehead,16
3,670,-27.493309999999997,153.11867900000001,Minnippi,minnippi,4
85,1610,-34.043918,18.597580999999998,Mitchells Plain,mitchellsplain,48
3,496,-27.404422999999998,152.979298,Mitchelton,mitchelton,4
79,999,55.839558999999994,37.367644,Mitino,mitino,49
98,1120,39.424833,-92.46897,Moberly,moberly,26
85,458,-26.068970999999998,28.138043,Modderfontein Reserve,modderfonteinreserve,34
85,804,-26.243398,27.888986,Mofolo,mofolo,57
85,894,-23.686683,27.693496999999997,Mogol,mogol,40
42,1707,54.23008299999999,-6.99626,Monaghan Town,monaghantown,29
97,216,56.726296999999995,-2.455223,Montrose,montrose,7
31,1535,48.821115,2.3408,Montsouris,montsouris,56
3,1014,-30.638892,116.004276,Moora,moora,27
97,122,50.851240000000004,-1.849419,Moors Valley,moorsvalley,16
3,1523,-29.46707,149.843183,Moree,moree,5
3,587,-33.806252,151.24598899999998,Mosman,mosman,5
3,506,-35.069655,138.86786899999998,Mount Barker,mountbarker,30
3,1675,-36.736278000000006,147.174015,Mount Beauty,mountbeauty,6
97,1387,50.357664,-4.175493,Mount Edgcumbe,mountedgcumbe,16
3,672,-37.842890000000004,140.777854,Mount Gambier,mountgambier,30
42,1694,53.281689,-7.206523,Mountlucas,mountlucas,29
3,934,-35.025659000000005,117.916528,Mt Clarence,mtclarence,27
3,805,-33.426328000000005,151.293178,Mt Penang,mtpenang,5
3,850,-32.588933000000004,149.58694,Mudgee,mudgee,5
3,644,-28.086682,153.36409799999998,Mudgeeraba,mudgeeraba,4
97,469,52.561625,1.236713,Mulbarton,mulbarton,11
42,1454,53.517513,-7.368025,Mullingar,mullingar,29
3,1615,-37.811673,145.21251,Mullum Mullum,mullummullum,6
3,906,-35.121567,139.285558,Murray Bridge,murraybridge,30
97,537,54.615093,-6.735656,MUSA Cookstown,musacookstown,15
42,741,53.220327000000005,-6.644947999999999,Naas,naas,29
85,369,-32.988135,27.949644,Nahoon Point,nahoonpoint,45
3,1360,-26.594251,152.973543,Nambour,nambour,4
3,1075,-30.33885,149.755908,Narrabri,narrabri,5
85,718,-29.106357,26.225063000000002,Naval Hill,navalhill,43
42,178,53.661214,-6.693934,Navan,navan,29
32,1774,49.448503,8.453797,Neckarau,neckarau,70
3,1544,-33.760087,150.679885,Nepean River,nepeanriver,5
97,366,50.865345,-1.3344530000000001,Netley Abbey,netleyabbey,17
3,193,-27.471134000000003,153.051636,New Farm,newfarm,4
42,1229,52.316359000000006,-6.928439,New Ross,newross,29
97,570,53.07003100000001,-0.81905,Newark,newark,13
97,524,55.185215,-1.5053860000000001,Newbiggin-by-the-Sea,newbigginbythesea,9
3,1633,-38.178663,146.270714,Newborough,newborough,6
97,198,51.378426,-1.292267,Newbury,newbury,17
97,57,54.983803,-1.6179940000000002,Newcastle,newcastle,9
42,1434,52.450747,-9.068539999999999,Newcastle West,newcastlewest,29
97,451,51.926352,-2.41122,Newent,newent,16
97,228,51.559478999999996,-3.030939,Newport,newport,12
3,1736,-37.840109000000005,144.870716,Newport Lakes,newportlakes,6
97,120,52.514658,-3.3190120000000003,Newtown,newtown,12
3,350,-32.914566,151.76144,Newy,newy,5
23,146,56.987143999999994,9.654836999999999,Nibe,nibe,24
85,1040,-25.703682999999998,31.788579,Nkomazi,nkomazi,41
97,250,54.165828000000005,-4.481846,Nobles,nobles,8
97,133,51.356926,-0.23107800000000003,Nonsuch,nonsuch,17
3,499,-26.408720000000002,153.030388,Noosa,noosa,4
97,278,53.638406999999994,-0.659924,Normanby Hall,normanbyhall,18
85,431,-29.83607,31.036634000000003,North Beach,northbeach,38
3,1783,-27.106368,152.998427,North Harbour,northharbour,4
3,424,-27.236690000000003,153.02072900000002,North Lakes,northlakes,4
3,513,-19.252326,146.70074,North Shore,northshore,4
3,514,-34.413115999999995,150.901723,North Wollongong,northwollongong,5
97,682,51.541272,-0.376711,Northala Fields,northalafields,10
97,1130,54.348466,-1.435519,Northallerton,northallerton,18
97,181,52.248143,-0.884445,Northampton,northampton,13
97,101,52.620422,1.255682,Norwich,norwich,11
14,1517,51.12534,-114.12996100000001,Nose Hill,nosehill,63
97,956,53.650211999999996,-1.381241,Nostell,nostell,18
3,1722,-34.466685,139.006952,Nuriootpa,nuriootpa,30
97,184,51.637718,-0.153744,Oak Hill,oak-hill,10
3,1739,-27.429333000000003,151.720815,Oakey,oakey,4
97,899,53.739437,-1.6715959999999999,Oakwell Hall,oakwellhall,18
14,1520,49.883293,-119.456654,Okanagan,okanagan,63
97,56,51.464417,-0.306973,Old Deer Park,olddeerpark,10
42,895,53.723043000000004,-6.418183,Oldbridge,oldbridge,29
97,106,53.534187,-2.104118,Oldham,oldham,8
74,1748,53.776228,20.481014000000002,Olsztyn,olsztyn,23
97,569,54.602837,-7.296222,Omagh,omagh,15
74,1215,50.650123,17.924448,Opole,opole,23
3,1529,-33.325825,149.089749,Orange,orange,5
42,1507,53.246377,-8.959767,Oranmore,oranmore,29
88,1548,59.278841,15.260544,Örebro,orebro,64
97,584,54.588374,-5.914786,Ormeau,ormeau,15
97,782,53.559245,-2.868097,Ormskirk,ormskirk,8
97,403,51.365283000000005,0.117224,Orpington,orpington,10
97,620,51.489403,-0.349889,Osterley,osterley,10
85,303,-33.534495,22.234316,Oudtshoorn,oudtshoorn,47
42,1782,53.428360999999995,-9.315907000000001,Oughterard,oughterard,29
97,81,51.790901,-1.262419,Oxford,oxford,17
85,1406,-33.740995,18.969684,Paarl,paarl,61
74,1431,51.653459999999995,19.319923,Pabianice,pabianice,23
3,847,-38.06462,145.46383899999998,Pakenham,pakenham,6
3,1524,-12.475829,130.982607,Palmerston,palmerston,31
65,1715,-40.372724,175.622671,Palmerston North,palmerstonnorth,25
3,1399,-33.945673,150.993483,Panania,panania,5
97,1018,51.796065999999996,-0.107589,Panshanger,panshanger,11
3,1342,-27.885082,153.396218,Paradise Point,paradisepoint,4
97,837,50.59305,-3.6865620000000003,Parke,parke,16
3,1006,-37.784836999999996,144.961755,Parkville,parkville,6
3,396,-33.819767,151.065488,Parramatta,parramatta,5
85,401,-26.901409,27.447946,Parys,parys,43
79,1645,55.743417,38.680067,Pavlovsky Posad,pavlovskyposad,49
85,594,-33.980149,25.657367999999998,PE Hobie Beach,pehobiebeach,45
97,171,50.794092,0.012418,Peacehaven,peacehaven,17
97,882,51.455486,-0.060688,Peckham Rye,peckhamrye,10
65,1481,-43.310381,172.695338,Pegasus,pegasus,25
97,521,51.320957,1.361446,Pegwell Bay,pegwellbay,17
97,549,51.644889,-3.245679,Penallta,penallta,12
97,869,53.86357099999999,-2.18011,Pendle,pendle,8
97,252,53.49160799999999,-2.542745,Pennington Flash,penningtonflash,8
97,1029,53.226852,-4.094494999999999,Penrhyn,penrhyn,12
97,761,54.658026,-2.720532,Penrith,penrith,8
3,772,-33.725922,150.68574099999998,Penrith Lakes,penrithlakes,5
97,1172,50.083578,-5.29595,Penrose,penrose,16
97,1047,52.52486,-1.911825,Perry Hall,perryhall,14
97,225,56.40515,-3.435422,Perth,perth,7
97,410,53.738330000000005,-0.402181,Peter Pan,peterpan,18
97,276,52.565563,-0.308132,Peterborough,peterborough,11
3,1341,-27.273406,152.974425,Petrie,petrie,4
3,1232,-38.498822,145.340674,Phillip Island,phillipisland,6
97,116,53.337865,-2.681623,Phoenix,phoenix,8
85,957,-29.458222999999997,30.136667,Piggly Wiggly,pigglywiggly,39
3,757,-32.066125,116.00150900000001,Pioneer,pioneer,27
3,813,-27.712352000000003,151.641106,Pittsworth,pittsworth,4
97,47,56.057791,-3.881607,Plean,plean,7
97,82,50.409091,-4.079618,Plymvalley,plymvalley,16
3,619,-37.862086,144.72952,Point Cook,pointcook,6
97,12,55.829919999999994,-4.307882,Pollok,pollok,7
85,721,-23.885076,29.457428000000004,Polokwane,polokwane,40
97,701,51.479321,-2.47805,Pomphrey Hill,pomphreyhill,16
85,1249,-27.396878000000005,31.657231,Pongola,pongola,39
97,151,53.697226,-1.325741,Pontefract,pontefract,18
97,697,51.699213,-3.0285729999999997,Pontypool,pontypool,12
97,510,51.602009,-3.339028,Pontypridd,pontypridd,12
42,1731,53.335488,-6.213201000000001,Poolbeg,poolbeg,29
97,233,50.720348,-1.9688759999999998,Poole,poole,16
97,1437,53.25911800000001,-1.348842,Poolsbrook,poolsbrook,13
42,1049,53.398403,-6.286613,Poppintree,poppintree,29
65,583,-41.134246000000005,174.854161,Porirua,porirua,25
3,1606,-38.389932,142.229977,Port Fairy,portfairy,6
3,1756,-20.307149,118.613332,Port Hedland,porthedland,27
3,1728,-34.720803000000004,135.860614,Port Lincoln,portlincoln,30
3,608,-31.427891,152.909122,Port Macquarie,portmacquarie,5
3,1746,-38.113934,144.654211,Portarlington,portarlington,6
42,1344,53.370116,-6.402238,Porterstown,porterstown,29
97,511,51.476331,-3.705976,Porthcawl,porthcawl,12
3,1444,-38.354785,141.60446000000002,Portland,portland,6
97,893,55.950689000000004,-3.122656,Portobello,portobello,7
97,371,55.204638,-6.648788000000001,Portrush,portrush,15
97,1429,50.840654,-1.0815700000000001,Portsmouth Lakeside,portsmouthlakeside,17
85,689,-26.707551000000002,27.104892,Potchefstroom,potchefstroom,44
74,402,52.418883,16.933289000000002,Poznan,poznan,23
97,59,53.751374,-2.7039020000000002,Preston,preston,8
97,525,50.841557,-0.148616,Preston Park,prestonpark,17
85,1216,-33.214602,22.024823,Prince Albert,princealbert,47
97,255,53.386456,-2.956975,Princes,princes,8
97,65,54.968070999999995,-1.863141,Prudhoe Riverside,prudhoeriverside,9
74,1055,52.167221000000005,20.8095,Pruszkow,pruszkow,23
65,1471,-38.145483,176.263229,Puarenga,puarenga,25
97,254,51.61887,-0.066953,Pymmes,pymmes,10
3,756,-35.348151,149.238801,Queanbeyan,queanbeyan,5
97,551,50.956371999999995,-0.978384,Queen Elizabeth,queenelizabeth,17
97,352,54.555092,-5.963387,Queens,queens,15
3,739,-31.679025,115.69588,Quinns Rocks,quinnsrocks,27
3,1755,-41.347581,146.424482,Railton,railton,28
97,275,51.585798,0.19249000000000002,Raphael,raphael,10
97,20,51.460384000000005,-0.941573,Reading,reading,17
97,359,54.615225,-1.07902,Redcar,redcar,9
3,888,-27.235456,153.114827,Redcliffe,redcliffe,4
3,1679,-27.614582000000002,153.307539,Redland Bay,redlandbay,4
97,814,51.23435,-0.208644,Reigate Priory,reigatepriory,17
3,1497,-34.17425,140.751235,Renmark,renmark,30
98,601,47.475931,-122.180865,Renton,renton,26
3,1238,-33.847462,151.081803,Rhodes,rhodes,5
85,1445,-28.798579999999998,32.094501,Richards Bay,richardsbay,38
14,1537,49.184871,-123.138582,Richmond Olympic,richmondolympic,63
97,4,51.451962,-0.29288600000000004,Richmond Park,richmond,10
97,125,51.633086999999996,-0.47589,Rickmansworth,rickmansworth,11
97,241,51.318484999999995,-0.079549,Riddlesdown,riddlesdown,10
85,714,-26.31107,28.079971,Rietvlei,rietvlei,34
97,765,55.019980000000004,-1.5320280000000002,Rising Sun,risingsun,9
42,1506,53.454443000000005,-6.243532,River Valley,rivervalley,29
97,84,51.588559000000004,-2.993317,Riverfront,riverfront,12
97,385,54.85398299999999,-1.563277,Riverside,riverside,9
3,429,-19.320306,146.73018000000002,Riverway,riverway,4
3,634,-23.400579,150.491432,Rockhampton,rockhampton,4
3,463,-32.275296000000004,115.728757,Rockingham,rockingham,27
3,558,-27.542633000000002,152.959235,Rocks Riverside,rocksriverside,4
97,107,51.638607,0.066415,Roding Valley,rodingvalley,11
97,1797,51.583268,-2.7799650000000002,Rogiet,rogiet,12
3,661,-26.567165999999997,148.789054,Roma,roma,4
85,383,-33.959376,18.480871,Rondebosch Common,rondeboschcommon,48
85,1747,-26.315159,28.233939000000003,Rondebult,rondebult,34
85,358,-26.163327,27.90703,Roodepoort,roodepoort,34
98,166,38.89638,-77.063956,Roosevelt Island DC,rooseveltislanddc,26
85,555,-33.995056,18.828764000000003,Root 44,root44,61
3,1600,-33.773998,150.85698,Rooty Hill,rootyhill,5
97,153,52.754526,-1.6396810000000002,Rosliston,rosliston,13
97,63,54.099486,-6.193448,Rostrevor,rostrevor,15
97,479,53.341508,-1.3202260000000001,Rother Valley,rothervalley,18
97,478,53.431743999999995,-1.347456,Rotherham,rotherham,18
97,247,53.750032,-1.4734559999999999,Rothwell,rothwell,18
31,1710,49.44128,1.072794,Rouen,rouen,56
97,297,53.838280000000005,-1.4960069999999999,Roundhay,roundhay,18
97,19,51.352253000000005,-0.11872,Roundshaw Downs,roundshaw,10
97,138,51.133614,0.284851,Royal Tunbridge Wells,royaltunbridgewells,17
97,727,55.884538,-4.276162,Ruchill,ruchill,7
97,98,52.37318,-1.238464,Rugby,rugby,14
74,1198,54.574728,18.395666000000002,Rumia,rumia,23
97,414,52.882497,-1.1491040000000001,Rushcliffe,rushcliffe,13
97,1348,51.947057,-0.674095,Rushmere,rushmere,17
97,843,51.265798,-0.755847,Rushmoor,rushmoor,17
42,1629,53.141736,-6.56763,Russborough,russborough,29
97,1332,52.643712,-0.624447,Rutland Water,rutlandwater,13
79,960,54.612814,39.734994,Ryazan Central,ryazancentral,52
74,1625,50.029829,22.004013,Rzeszow,rzeszow,23
14,1619,46.422567,-73.014185,Saint-Paulin,saintpaulin,63
3,753,-38.114103,147.078273,Sale,sale,6
97,1509,53.429584999999996,-2.2945450000000003,Sale Water,salewater,8
97,1253,51.061528,-1.7898580000000002,Salisbury,salisbury,16
3,433,-27.313514,153.069243,Sandgate,sandgate,4
3,512,-34.333372,150.924554,Sandon Point,sandonpoint,5
97,296,52.521531,-1.9757900000000002,Sandwell Valley,sandwellvalley,14
85,1640,-34.012166,25.495691,Sardinia Bay,sardiniabay,45
97,477,53.581755,-0.6564760000000001,Scunthorpe,scunthorpe,18
97,580,50.703348999999996,-3.072064,Seaton,seaton,16
85,994,-26.518381,29.184209000000003,Secunda,secunda,42
97,356,54.65300799999999,-1.466289,Sedgefield,sedgefield,9
79,763,55.853899,37.453423,Severnoe Tushino,severnoetushino,49
97,338,54.10326800000001,-0.160761,Sewerby,sewerby,18
42,1192,53.227908,-6.114882,Shanganagh,shanganagh,29
97,613,53.36678199999999,-1.436827,Sheffield Castle,sheffieldcastle,18
97,86,53.368446,-1.505814,Sheffield Hallam,sheffieldhallam,18
3,1530,-32.028968,115.88188600000001,Shelley,shelley,27
3,916,-34.602608000000004,150.862868,Shellharbour,shellharbour,5
3,492,-36.390858,145.396146,Shepparton,shepparton,6
97,140,51.187513,-2.542461,Shepton Mallet,sheptonmallet,16
97,432,52.928775,1.180601,Sheringham,sheringham,11
97,1329,53.165828000000005,-1.0848389999999999,Sherwood Pines,sherwoodpines,13
97,124,53.008339,-1.3599780000000001,Shipley Country,shipleycountry,13
85,554,-29.798608,30.743221999999996,Shongweni,shongweni,38
97,535,51.404426,0.41861800000000005,Shorne Woods,shornewoods,17
97,628,52.706942000000005,-2.75921,Shrewsbury,shrewsbury,14
3,732,-32.565281,151.160776,Singleton,singleton,5
3,1396,-27.593438,153.229925,Sirromet,sirromet,4
97,1409,51.355453000000004,0.740793,Sittingbourne,sittingbourne,17
88,1717,57.703536,12.037792999999999,Skatås,skatas,64
74,1261,51.965214,20.140672,Skierniewice,skierniewice,23
97,621,53.96133100000001,-2.030004,Skipton,skipton,18
42,1133,54.265977,-8.452828,Sligo,sligo,29
79,1322,55.795795999999996,37.676988,Sokolniki,sokolniki,49
85,1516,-34.12695,18.888116,Somerset West,somersetwest,61
79,1103,60.018449,30.340115,Sosnovka,sosnovka,51
3,434,-27.478871999999996,153.023962,South Bank,southbank,4
97,28,53.446071999999994,-2.224689,South Manchester,southmanchester,8
97,218,51.396111,-0.059908,South Norwood,southnorwood,10
97,1139,51.632255,-0.39865300000000004,South Oxhey,southoxhey,11
97,411,54.995687,-1.408052,South Shields,southshields,9
97,60,50.923624,-1.407766,Southampton,southampton,17
97,335,51.523431,0.7875260000000001,Southend,southend,11
97,221,53.656276,-2.985341,Southport,southport,8
97,91,50.778853000000005,-1.081316,Southsea,southsea,17
97,468,51.494242,-0.053151,Southwark,southwark,10
97,314,51.306461,-2.234092,Southwick Country Park,southwickcountrypark,16
85,1486,-29.700096999999996,17.882629,Springbok,springbok,37
97,829,55.88985699999999,-4.224823000000001,Springburn,springburn,7
85,1546,-26.216163,28.4134,Springs,springs,34
97,95,51.75193,-0.355371,St Albans,stalbans,11
97,249,56.317710999999996,-2.838234,St Andrews,standrews,7
42,615,53.371179000000005,-6.174574,St Annes,stannes,29
85,595,-34.162285,24.815401,St Francis,stfrancis,45
3,1771,-28.044421999999997,148.568244,St George,stgeorge,4
97,137,53.46321999999999,-2.744088,St Helens,sthelens,8
3,25,-33.907658000000005,151.18219,St Peters,stpeters,5
97,1211,53.490901,-2.066163,Stamford Park,stamfordpark,8
3,691,-28.65183,151.931781,Stanthorpe,stanthorpe,4
79,862,45.027659,41.935340000000004,Stavropol,stavropol,50
97,285,51.902634,-0.17993,Stevenage,stevenage,11
97,394,54.538090000000004,-1.203561,Stewart,stewart,9
3,988,-32.919273,151.78441999999998,Stockton,stockton,5
97,200,56.969993,-2.212502,Stonehaven,stonehaven,7
97,347,51.752553999999996,-2.287804,Stonehouse,stonehouse,16
3,796,-27.498721999999997,153.04246899999998,Stones Corner,stonescorner,4
97,1301,54.598318000000006,-5.837749,Stormont,stormont,15
97,1402,52.184998,-1.701445,Stratford-upon-Avon,stratforduponavon,14
3,1496,-35.258681,138.89303,Strathalbyn,strathalbyn,30
97,159,55.78963100000001,-4.031425,Strathclyde,strathclyde,7
97,1353,53.446121,-2.2902810000000002,Stretford,stretford,8
3,1419,-37.80083,145.008858,Studley,studley,6
85,1008,-32.567059,27.412219,Stutterheim,stutterheim,45
3,1757,-37.584562,144.74199199999998,Sunbury,sunbury,6
97,23,54.883911,-1.4090989999999999,Sunderland,sunderland,9
85,459,-32.915013,28.038653999999998,Sunrise-on-Sea,sunriseonsea,45
3,1357,-28.000737,153.417365,Surfers Paradise,surfersparadise,4
85,1657,-22.666375,14.528015,Swakopmund,swakopmund,65
97,1309,51.610463,-3.9698480000000003,Swansea Bay,swanseabay,12
85,1725,-34.00627,20.439211,Swellendam,Swellendam,61
74,1594,53.775794,15.789109,Swidwin,swidwin,23
97,61,51.561489,-1.853621,Swindon,swindon,16
74,1025,53.915451000000004,14.25818,Swinoujscie,swinoujscie,23
74,1305,53.462802,14.505647,Szczecin,szczecin,23
74,600,53.700942000000005,16.693575,Szczecinek,szczecinek,23
97,1002,50.879837,-4.433418,Tamar Lakes,tamarlakes,16
97,54,50.535163,-4.201763,Tamar Trails,tamartrails,16
3,771,-27.941377000000003,153.193434,Tamborine Mountain,tamborinemountain,4
79,1295,52.712605,41.483831,Tambov,tambov,52
30,1753,61.492554000000005,23.759242999999998,Tampere,tampere,69
3,533,-31.099559000000003,150.936905,Tamworth,tamworth,5
3,1614,-23.93798,151.364976,Tannum Sands,tannumsands,4
3,1080,-31.910271,152.468625,Taree,taree,5
65,1356,-38.715183,176.081348,Taupo,taupo,25
74,1446,54.090568000000005,18.802342000000003,Tczew,tczew,23
97,393,54.564845999999996,-1.287396,Tees Barrage,teesbarrage,9
97,460,52.67123,-2.447934,Telford,telford,14
97,467,53.784781,-1.456461,Temple Newsam,templenewsam,18
42,1617,52.79874100000001,-7.839498,Templemore,templemore,29
97,1270,51.987666,-2.159373,Tewkesbury,tewkesbury,16
3,1076,-32.941590000000005,151.767517,The Beaches,thebeaches,5
3,1443,-33.338401,151.493202,The Entrance,theentrance,5
3,1236,-33.705952,150.909187,The Ponds,theponds,5
3,1389,-32.761601,151.738939,The Terrace,theterrace,5
97,465,52.4156,0.743766,Thetford,thetford,11
97,307,51.606367999999996,-2.5301139999999998,Thornbury,thornbury,16
85,1411,-29.743459,30.728536,Thousand Hills,thousandhills,39
85,1379,-32.905449,27.870219,Three Silos,threesilos,45
97,1326,51.491427,0.36343600000000004,Thurrock,thurrock,11
97,377,51.097,-0.175623,Tilgate,tilgate,17
3,1673,-38.483074,142.977527,Timboon,timboon,6
79,1000,55.818189000000004,37.555257,Timiryazevsky,timiryazevsky,49
85,1711,-29.438383,31.251665000000003,Tinley Manor,tinleymanor,38
97,540,55.847494,-4.179461,Tollcross,tollcross,7
97,683,51.197604999999996,0.27017399999999997,Tonbridge,tonbridge,17
3,881,-37.714776,144.58322900000002,Toolern Creek,toolerncreek,6
97,1395,51.433341999999996,-0.14677,Tooting Common,tootingcommon,10
3,493,-27.560190000000002,151.96392600000001,Toowoomba,toowoomba,4
97,102,50.423441,-3.5642970000000003,Torbay Velopark,torbayvelopark,16
3,665,-38.327281,144.32690300000002,Torquay,torquay,6
3,447,-34.917551,138.587444,Torrens,torrens,30
74,1297,53.025641,18.704176999999998,Torun,torun,23
3,1161,-26.573824,153.097397,Town of Seaside,townofseaside,4
42,1088,52.266242,-9.705376,Tralee,tralee,29
42,1381,52.159283,-7.1418919999999995,Tramore,tramore,29
3,1063,-38.189632,146.53648,Traralgon,traralgon,6
97,83,50.217331,-5.0282599999999995,Trelissick,trelissick,16
44,1647,45.694128000000006,12.271947,Treviso,treviso,55
97,1048,51.786634,-0.6595989999999999,Tring,tring,11
97,329,55.541488,-4.661931,Troon,troon,7
79,1293,55.624061,37.677383,Tsaritsyno,tsaritsyno,49
3,501,-35.410284000000004,149.064989,Tuggeranong,tuggeranong,19
79,1542,54.179967000000005,37.588089000000004,Tula Central,tulacentral,52
42,1659,52.794943,-6.6603449999999995,Tullow,tullow,29
74,1646,50.120810999999996,19.00291,Tychy,tychy,23
42,885,53.295314000000005,-6.3282,Tymon,tymon,29
67,1734,59.919427,10.77791,Tøyen,toyen,68
44,1239,38.129721999999994,13.327770000000001,Uditore,uditore,55
79,1682,54.730548,56.01131899999999,Ufa Botanichesky Sad,ufabotanicheskysad,54
85,1533,-30.392475,30.682192999999998,Umdoni,umdoni,38
85,1009,-29.733319,31.084602,Umhlanga,umhlanga,38
3,1604,-27.598691,153.147211,Underwood Park,underwoodpark,4
85,794,-28.444304,21.269767,Upington,upington,37
97,440,51.496159999999996,-0.577525,Upton Court,uptoncourt,17
97,263,50.734891,-2.0134279999999998,Upton House,uptonhouse,16
3,1741,-30.498739,153.02268899999999,Urunga,urunga,5
85,426,-30.820719,30.405028,Uvongo,uvongo,38
97,183,51.56749,0.07198,Valentines,valentines,10
85,1641,-25.807496,28.148419,Valhalla,valhalla,35
97,962,54.659949,-5.928342,Valley,valley,15
42,1413,52.636120999999996,-9.472935000000001,Vandeleur,vandeleur,29
3,476,-28.084627,153.410554,Varsity Lakes,varsitylakes,4
23,256,55.474608999999994,9.120852000000001,Vejen,vejen,24
85,1623,-28.083038000000002,27.133236,Ventersburg,ventersburg,43
79,1371,55.679480000000005,37.505518,Vernadskogo,vernadskogo,49
42,1010,53.056008,-7.0834589999999995,Vicarstown,vicarstown,29
3,802,-35.565657,138.611096,Victor Harbor,victorharbor,30
97,641,55.877504,-4.332347,Victoria,victoria,7
85,1494,-26.233615000000004,28.163202000000002,Victoria Lake,victorialake,34
97,334,55.856879000000006,-2.995012,Vogrie,vogrie,7
79,1298,48.715334000000006,44.534467,Volgograd Panorama,volgogradpanorama,62
85,1769,-31.664782000000002,18.497226,Vredendal,vredendal,46
3,1502,-35.170935,147.37821599999998,Wagga,wagga,5
97,30,53.672488,-1.509682,Wakefield Thornes,wakefieldthornes,18
97,375,54.516511,-6.036816,Wallace,wallace,15
97,251,52.58725,-1.966252,Walsall Arboretum,walsall,14
97,461,51.602666,-0.007854,Walthamstow,walthamstow,10
3,873,-36.351774,146.32994399999998,Wangaratta,wangaratta,6
97,230,51.56078,0.014977,Wanstead Flats,wansteadflats,10
3,1074,-27.306906,152.955385,Warner Lakes,warnerlakes,4
3,1077,-38.151043,145.932929,Warragul,warragul,6
97,199,53.384221,-2.5746849999999997,Warrington,warrington,8
3,497,-38.392862,142.47937,Warrnambool,warrnambool,6
74,992,52.290317,21.035937,Warszawa-Brodno,warszawa-brodno,23
74,472,52.241493,21.050963,Warszawa-Praga,warszawa-praga,23
74,891,52.135633,21.063039,Warszawa-Ursynow,warszawa-ursynow,23
74,841,52.280382,20.990555,Warszawa-Zoliborz,warszawa-zoliborz,23
3,597,-28.209605,152.038465,Warwick,warwick,4
97,883,53.657033999999996,-2.131777,Watergrove,watergrove,8
42,896,53.358718999999994,-6.370558,Waterstown,waterstown,29
97,165,54.619299,-5.942613,Waterworks,waterworks,15
3,1508,-31.452159,152.744034,Wauchope,wauchope,5
3,1512,-12.64068,141.865454,Weipa,weipa,4
85,1655,-27.973608000000002,26.739236,Welkom,welkom,43
85,1285,-33.681943,19.019956,Wellington,wellington,61
97,1455,53.205552000000004,-3.0568459999999997,Wepre,wepre,12
3,1473,-34.939218,138.499643,West Beach,westbeach,30
82,1605,1.297454,103.762915,West Coast Park,westcoastpark,33
85,1609,-26.178853,27.970903999999997,Westbury,westbury,34
3,643,-37.746092,145.13398600000002,Westerfolds,westerfolds,6
65,1355,-36.865137,174.720411,Western Springs,westernsprings,25
97,204,51.821422,-0.060813,Westmill,westmill,11
42,625,53.797982,-9.519267,Westport,westport,29
97,887,53.925672999999996,-1.392197,Wetherby,wetherby,18
97,632,50.626728,-2.4473979999999997,Weymouth,weymouth,16
65,1382,-35.734968,174.334078,Whangarei,whangarei,25
14,1671,50.120115999999996,-122.94796699999999,Whistler,whistler,63
14,1648,43.851043,-78.940558,Whitby,whitby,63
85,806,-25.342502,31.007934999999996,White River,whiteriver,41
3,1632,-27.676652,152.84974499999998,White Rock,whiterock,4
97,100,50.885632,-1.247926,Whiteley,whiteley,17
3,1759,-31.817128999999998,115.73696000000001,Whitfords Nodes,whitfordsnodes,27
97,156,55.048875,-1.448736,Whitley Bay,whitleybay,9
97,203,51.365295,1.041942,Whitstable,whitstable,17
97,1111,53.374508,-2.730069,Widnes,widnes,8
3,1540,-33.811704999999996,151.193171,Willoughby,willoughby,5
97,1199,53.331288,-2.231588,Wilmslow,wilmslow,8
3,1519,-38.026521,145.339808,Wilson Botanic,wilsonbotanic,6
97,2,51.442078,-0.232215,Wimbledon Common,wimbledon,10
97,445,52.140442,-0.047207,Wimpole Estate,wimpoleestate,11
97,280,51.069286,-1.310849,Winchester,winchester,17
97,317,54.940189000000004,-1.563025,Windy Nook,windynook,9
85,1543,-28.898131,29.541956,Winterton,winterton,39
3,798,-27.560975,153.103468,Wishart,wishart,4
85,1456,-25.889035999999997,29.219683000000003,Witbank,witbank,42
97,1306,53.74055,-2.517211,Witton,witton,8
97,931,51.311708,-0.556204,Woking,woking,17
74,1262,50.37571,19.755898000000002,Wolbrom,wolbrom,23
97,222,52.588775,-2.140875,Wolverhampton,wolverhampton,14
3,1620,-26.318523,151.872411,Wondai,wondai,4
97,21,53.408405,-2.130945,Woodbank,woodbank,8
3,1392,-31.887528000000003,115.99131000000001,Woodbridge Riverside,woodbridgeriverside,27
97,5,53.808581999999994,-1.560059,Woodhouse Moor,woodhousemoor,18
85,507,-26.063356,28.088178999999997,Woodlands,woodlands,34
97,430,51.45418,-0.9036690000000001,Woodley,woodley,17
97,201,52.186989000000004,-2.1787259999999997,Worcester,worcester,14
97,226,52.201513,-2.231964,Worcester Pitchcroft,worcesterpitchcroft,14
97,575,54.64716899999999,-3.539767,Workington,workington,8
97,302,51.520412,-0.238523,Wormwood Scrubs,wormwoodscrubs,10
97,355,53.494328,-2.3590560000000003,Worsley Woods,worsleywoods,8
97,1438,50.810311999999996,-0.3645,Worthing,worthing,17
97,421,51.633443,-2.3691169999999997,Wotton,wotton,16
74,543,51.134576,17.039328,Wroclaw,wroclaw,23
97,282,51.62337,-0.7400899999999999,Wycombe Rye,wycomberye,17
3,1367,-37.881655,144.634532,Wyndham Vale,wyndhamvale,6
3,417,-27.44323,153.177985,Wynnum,wynnum,4
97,1308,52.365002000000004,-2.369798,Wyre Forest,wyreforest,14
97,1750,52.384791,-1.8884919999999998,Wythall,wythall,14
97,310,53.405502,-2.288139,Wythenshawe,wythenshawe,8
3,733,-29.435741999999998,153.357271,Yamba,yamba,5
3,809,-27.80288,153.10408999999999,Yarrabilba,yarrabilba,4
97,629,50.951485,-2.7129790000000003,Yeovil Montacute,yeovilmontacute,16
3,793,-23.128176999999997,150.73908600000001,Yeppoon,yeppoon,4
3,1790,-31.911503999999997,115.86113,Yokine,yokine,27
97,96,53.935375,-1.101379,York,york,18
3,1513,-37.953582,144.40046999999998,You Yangs,youyangs,6
85,1536,-34.091864,18.467067,Zandvlei,zandvlei,48
74,602,51.616609000000004,15.135032999999998,Zary,zary,23
79,1087,56.004966,37.218014000000004,Zelenograd,zelenograd,49
79,1474,55.588237,38.126396,Zhukovsky,zhukovsky,49
